{"val/val_loss":2.3322386463898432,"train/train_accuracy":0,"train/epoch":0,"test_accuracy":0.0995,"_timestamp":1.7415231204418793e+09,"val/epoch":0,"train/train_loss":2.6421228297093844,"_runtime":5.9948192,"train/steps":2500,"val/val_accuracy":0.0978,"_step":2500,"_wandb":{"runtime":6}}